Unnamed: 0,VIN,FleetID,averageSpeed,consumedFuel,distance,duration,endDate,endLatitude,endLongitude,startDate,startLatitude,startLongitude,timestamp,tripFuelEconomy,rule_respect,count
0,VF1RFA00X60637450,100201,107.39840486137386,5.42,78.54999999999927,44,1561476422,47.569733,-0.359817,1561473789,48.056571999999996,0.255044,1561476422,6.900063653723806,rules_non_respected,26
1,VF1RFA00X60637450,100201,97.69134701159705,7.59,121.68000000000029,75,1561481113,47.329654999999995,-1.783828,1561476629,47.569733,-0.359817,1561481113,6.2376725838264155,rules_respected,315
2,VF1RFA00X60637450,100201,4.3636363635331765,0.01,0.039999999999054126,1,1561481283,47.329914,-1.7842330000000002,1561481250,47.329659,-1.783822,1561481283,25.00000000059117,rules_respected,315
3,VF1RFA00X60637450,100201,2.4827586207438483,0.0,0.02000000000043656,1,1561482406,47.329914,-1.7842330000000002,1561482377,47.329914,-1.7842330000000002,1561482406,0.0,rules_respected,315
4,VF1RFA00X60637450,100201,88.67701317716043,4.41,84.1200000000008,57,1561485882,47.531021,-2.764303,1561482467,47.329788,-1.784428,1561485882,5.242510699001376,rules_non_respected,26
5,VF1RFA00X60637450,100201,2.6865671641400097,0.03,0.0499999999992724,2,1561555815,47.530922,-2.764011,1561555748,47.531067,-2.764281,1561555815,60.000000000873115,rules_respected,315
6,VF1RFA00X60637450,100201,4.000000000087312,0.01,0.030000000000654836,1,1561570898,47.530865000000006,-2.763989,1561570871,47.530865000000006,-2.763989,1561570898,33.33333333260574,rules_respected,315
7,VF1RFA00X60637450,100201,11.211267605632573,0.25,1.9899999999997815,11,1561631781,47.526466,-2.770497,1561631142,47.530865000000006,-2.763989,1561631781,12.562814070353134,rules_respected,315
8,VF1RFA00X60637450,100201,14.057142857137865,0.08,0.8199999999997092,4,1561632153,47.531033,-2.764278,1561631943,47.526623,-2.770361,1561632153,9.756097560979072,rules_respected,315
9,VF1RFA00X60637450,100201,1.0588235294348765,0.02,0.02000000000043656,2,1561633892,47.530968,-2.764333,1561633824,47.531013,-2.7643310000000003,1561633892,99.99999999781721,rules_respected,315
10,VF1RFA00X60637450,100201,0.0,0.0,0.0,1,1561633981,47.530968,-2.764333,1561633970,47.530968,-2.764333,1561633981,0.0,rules_respected,315
11,VF1RFD00257184142,100200,30.81355932187407,0.11,1.0099999999947613,2,1561648443,48.757587,2.081947,1561648325,48.758858000000004,2.088347,1561648443,10.89108910896738,rules_respected,315
12,VF1RFD00257184142,100201,30.81355932187407,0.11,1.0099999999947613,2,1561648443,48.757587,2.081947,1561648325,48.758858000000004,2.088347,1561648443,10.89108910896738,rules_respected,315
13,VF1RFD00257184142,100200,26.602409638608922,0.21,1.8400000000037835,5,1561648838,48.763565,2.088678,1561648589,48.757641,2.081964,1561648838,11.413043478237402,rules_respected,315
14,VF1RFD00257184142,100201,26.602409638608922,0.21,1.8400000000037835,5,1561648838,48.763565,2.088678,1561648589,48.757641,2.081964,1561648838,11.413043478237402,rules_respected,315
15,VF1RFA00X60637450,100201,0.0,0.06,0.0,6,1561651037,47.530983,-2.764294,1561650736,47.530926,-2.764364,1561651037,0.0,rules_respected,315
16,VF1RFA00X60637450,100201,30.559701492538533,0.61,9.100000000000364,18,1561652532,47.515064,-2.847492,1561651460,47.530983,-2.764294,1561652532,6.703296703296435,rules_respected,315
17,VF1RFD00257184142,100200,33.16129032257689,1.64,17.989999999997963,33,1561654106,48.821692999999996,1.9599080000000002,1561652153,48.763565,2.088678,1561654106,9.116175653141664,rules_respected,315
18,VF1RFD00257184142,100201,33.16129032257689,1.64,17.989999999997963,33,1561654106,48.821692999999996,1.9599080000000002,1561652153,48.763565,2.088678,1561654106,9.116175653141664,rules_respected,315
19,VF1RFA00X60637450,100201,40.73324905182815,0.5,8.949999999998909,14,1561661358,47.530998,-2.7642919999999997,1561660567,47.515064,-2.847492,1561661358,5.586592178771631,rules_respected,315
20,VF1RFD00257184142,100201,26.076923076946578,0.26,2.2600000000020373,6,1561700855,48.816399,1.9602970000000002,1561700543,48.821739,1.959856,1561700855,11.504424778750689,rules_respected,315
21,VF1RFD00257184142,100200,26.076923076946578,0.26,2.2600000000020373,6,1561700855,48.816399,1.9602970000000002,1561700543,48.821739,1.959856,1561700855,11.504424778750689,rules_respected,315
22,VF1RFD00257184142,100201,35.9120342089226,1.39,16.330000000001746,28,1561702807,48.763504,2.0888,1561701170,48.816390999999996,1.9602830000000002,1561702807,8.511941212491434,rules_respected,315
23,VF1RFD00257184142,100200,35.9120342089226,1.39,16.330000000001746,28,1561702807,48.763504,2.0888,1561701170,48.816390999999996,1.9602830000000002,1561702807,8.511941212491434,rules_respected,315
24,VF1RFA00X60637450,100201,23.866851595010203,0.35,4.780000000000655,13,1561714889,47.521159999999995,-2.77753,1561714168,47.531009999999995,-2.764358,1561714889,7.322175732216571,rules_respected,315
25,VF1RFA00X60637450,100201,18.257142857136,0.16,2.1299999999992,7,1561715626,47.530871999999995,-2.763958,1561715206,47.521137,-2.777719,1561715626,7.5117370892047015,rules_respected,315
26,VF1RFD00257184142,100201,11.946902654867255,0.15,0.75,4,1561736505,48.763504,2.0888,1561736279,48.763504,2.0888,1561736505,20.0,rules_respected,315
27,VF1RFD00257184142,100200,11.946902654867255,0.15,0.75,4,1561736505,48.763504,2.0888,1561736279,48.763504,2.0888,1561736505,20.0,rules_respected,315
28,VF1RFD00257184142,100201,30.052893829051673,2.05,21.779999999998843,44,1561739632,48.829741999999996,1.9560389999999999,1561737023,48.764351,2.0862689999999997,1561739632,9.412304866850825,rules_respected,315
29,VF1RFD00257184142,100200,30.052893829051673,2.05,21.779999999998843,44,1561739632,48.829741999999996,1.9560389999999999,1561737023,48.764351,2.0862689999999997,1561739632,9.412304866850825,rules_respected,315
30,VF1RFA00X60637450,100201,4.235294117739507,0.01,0.04000000000087312,1,1561739199,47.530895,-2.7639110000000002,1561739165,47.530895,-2.7639110000000002,1561739199,24.999999999454303,rules_respected,315
31,VF1RFA00X60637450,100201,39.29519450800525,0.56,9.539999999999054,15,1561740863,47.519001,-2.856405,1561739989,47.530975,-2.764353,1561740863,5.870020964361169,rules_respected,315
32,VF1RFD00257184142,100201,24.19433198375053,0.22,1.6599999999962165,5,1561741336,48.825928000000005,1.968578,1561741089,48.82975,1.95605,1561741336,13.253012048222976,rules_respected,315
33,VF1RFD00257184142,100200,24.19433198375053,0.22,1.6599999999962165,5,1561741336,48.825928000000005,1.968578,1561741089,48.82975,1.95605,1561741336,13.253012048222976,rules_respected,315
34,VF1RFD00257184142,100201,16.207171314807827,0.17,1.1300000000046566,5,1561742680,48.821777000000004,1.9599330000000001,1561742429,48.825928000000005,1.968578,1561742680,15.044247787548626,rules_respected,315
35,VF1RFD00257184142,100200,16.207171314807827,0.17,1.1300000000046566,5,1561742680,48.821777000000004,1.9599330000000001,1561742429,48.825928000000005,1.968578,1561742680,15.044247787548626,rules_respected,315
36,VF1RFA00X60637450,100201,36.206896551724135,0.48,8.75,15,1561746472,47.531009999999995,-2.764297,1561745602,47.519001,-2.856405,1561746472,5.485714285714287,rules_respected,315
37,VF1RFD00257184142,100200,13.927007299258602,0.82,5.2999999999956335,23,1561887654,48.866558000000005,2.6598,1561886284,48.850014,2.622497,1561887654,15.471698113220288,rules_respected,315
38,VF1RFD00257184142,100201,44.244031830238725,5.63,69.5,95,1561911484,48.828831,1.9853330000000002,1561905829,48.866535,2.659795,1561911484,8.100719424460431,rules_respected,315
39,VF1RFD00257184142,100201,13.927007299258602,0.82,5.2999999999956335,23,1561887654,48.866558000000005,2.6598,1561886284,48.850014,2.622497,1561887654,15.471698113220288,rules_respected,315
40,VF1RFD00257184142,100200,44.244031830238725,5.63,69.5,95,1561911484,48.828831,1.9853330000000002,1561905829,48.866535,2.659795,1561911484,8.100719424460431,rules_respected,315
41,VF1RFD00257184142,100201,25.24675324679407,0.3,2.7000000000043656,7,1561911977,48.820972,1.959453,1561911592,48.828831,1.9853330000000002,1561911977,11.111111111093146,rules_respected,315
42,VF1RFD00257184142,100200,25.24675324679407,0.3,2.7000000000043656,7,1561911977,48.820972,1.959453,1561911592,48.828831,1.9853330000000002,1561911977,11.111111111093146,rules_respected,315
43,VF1RFD00257184142,100201,6.222222222196352,0.06,0.13999999999941792,2,1561959115,48.821907,1.959311,1561959034,48.820972,1.959453,1561959115,42.85714285732104,rules_respected,315
44,VF1RFD00257184142,100201,25.038805970089825,0.25,2.3299999999944703,6,1561959560,48.816383,1.960289,1561959225,48.821907,1.959311,1561959560,10.729613733931043,rules_respected,315
45,VF1RFD00257184142,100200,6.222222222196352,0.06,0.13999999999941792,2,1561959115,48.821907,1.959311,1561959034,48.820972,1.959453,1561959115,42.85714285732104,rules_respected,315
46,VF1RFD00257184142,100200,25.038805970089825,0.25,2.3299999999944703,6,1561959560,48.816383,1.960289,1561959225,48.821907,1.959311,1561959560,10.729613733931043,rules_respected,315
47,VF1RFA00X60637450,100201,38.715083798880244,0.55,11.549999999999272,18,1561975619,47.52235,-2.784536,1561974545,47.584773999999996,-2.684325,1561975619,4.761904761905061,rules_respected,315
48,VF1RFA00X60637450,100201,14.845360824751275,0.17,2.4000000000014547,10,1561976714,47.526558,-2.770267,1561976132,47.52235,-2.784536,1561976714,7.08333333332904,rules_respected,315
49,VF1RFA00X60637450,100201,16.21374045801927,0.05,0.5900000000001455,3,1561998428,47.528393,-2.7686610000000003,1561998297,47.530991,-2.764325,1561998428,8.474576271184352,rules_respected,315
50,VF1RFA00X60637450,100201,22.99009900990034,0.17,2.5799999999999272,7,1561999232,47.521747999999995,-2.7666169999999997,1561998828,47.528385,-2.768647,1561999232,6.589147286821891,rules_respected,315
51,VF1RFD00257184142,100201,32.87292225202252,1.52,17.030000000006112,32,1561962130,48.763462,2.0884549999999997,1561960265,48.816406,1.9602830000000002,1561962130,8.925425719315648,rules_respected,315
52,VF1RFD00257184142,100200,32.87292225202252,1.52,17.030000000006112,32,1561962130,48.763462,2.0884549999999997,1561960265,48.816406,1.9602830000000002,1561962130,8.925425719315648,rules_respected,315
53,VF1RFD00257184142,100201,38.33736473582771,1.52,16.729999999995925,27,1562002279,48.824238,1.964275,1562000708,48.763462,2.0884549999999997,1562002279,9.085475194264015,rules_respected,315
54,VF1RFD00257184142,100200,38.33736473582771,1.52,16.729999999995925,27,1562002279,48.824238,1.964275,1562000708,48.763462,2.0884549999999997,1562002279,9.085475194264015,rules_respected,315
55,VF1RFD00257184142,100200,14.400000000009744,0.13,0.8600000000005821,4,1562002729,48.821995,1.9593470000000002,1562002514,48.824238,1.964275,1562002729,15.116279069757212,rules_respected,315
56,VF1RFD00257184142,100201,14.400000000009744,0.13,0.8600000000005821,4,1562002729,48.821995,1.9593470000000002,1562002514,48.824238,1.964275,1562002729,15.116279069757212,rules_respected,315
57,VF1RFA00X60637450,100201,20.927999999985328,0.16,2.179999999998472,7,1562002418,47.531025,-2.764314,1562002043,47.521736,-2.766569,1562002418,7.3394495412895475,rules_respected,315
58,VF1RFD00257184142,100200,14.794520547969125,0.13,0.9000000000014552,4,1562008174,48.821166999999996,1.962014,1562007955,48.821938,1.9593189999999998,1562008174,14.444444444421089,rules_respected,315
59,VF1RFD00257184142,100201,14.794520547969125,0.13,0.9000000000014552,4,1562008174,48.821166999999996,1.962014,1562007955,48.821938,1.9593189999999998,1562008174,14.444444444421089,rules_respected,315
60,VF1RFD00257184142,100200,14.496644295266853,0.13,0.5999999999985448,3,1562051343,48.824177,1.964236,1562051194,48.821911,1.9597330000000002,1562051343,21.666666666719212,rules_respected,315
61,VF1RFD00257184142,100200,11.853658536444815,0.06,0.2699999999967986,2,1562049777,48.821903000000006,1.959717,1562049695,48.82111,1.9620830000000002,1562049777,22.22222222248571,rules_respected,315
62,VF1RFD00257184142,100201,11.853658536444815,0.06,0.2699999999967986,2,1562049777,48.821903000000006,1.959717,1562049695,48.82111,1.9620830000000002,1562049777,22.22222222248571,rules_respected,315
63,VF1RFD00257184142,100201,14.496644295266853,0.13,0.5999999999985448,3,1562051343,48.824177,1.964236,1562051194,48.821911,1.9597330000000002,1562051343,21.666666666719212,rules_respected,315
64,VF1RFD00257184142,100200,28.360465116346074,0.29,2.7100000000064033,6,1562055085,48.81638,1.960314,1562054741,48.824089,1.964286,1562055085,10.701107011044828,rules_respected,315
65,VF1RFD00257184142,100201,28.360465116346074,0.29,2.7100000000064033,6,1562055085,48.81638,1.960314,1562054741,48.824089,1.964286,1562055085,10.701107011044828,rules_respected,315
66,VF1RFA00X60637450,100201,0.3870967742019979,0.03,0.01000000000021828,2,1562065026,47.530952,-2.764395,1562064933,47.531029,-2.7642889999999998,1562065026,299.99999999345164,rules_respected,315
67,VF1JZ49BJ55440744,100201,35.00000000003638,0.11,1.4000000000014552,3,1562080039,43.842182,-1.363358,1562079895,43.84304,-1.376406,1562080039,7.85714285713469,rules_respected,315
68,VF1RFD00257184142,100201,44.202876608613174,1.32,16.219999999993888,23,1562056689,48.763443,2.088819,1562055368,48.816390999999996,1.9602970000000002,1562056689,8.138101109744127,rules_respected,315
69,VF1RFD00257184142,100200,44.202876608613174,1.32,16.219999999993888,23,1562056689,48.763443,2.088819,1562055368,48.816390999999996,1.9602970000000002,1562056689,8.138101109744127,rules_respected,315
70,VF1RFD00257184142,100201,38.44595429277526,1.37,17.290000000000873,27,1562087321,48.821934000000006,1.959342,1562085702,48.763443,2.088819,1562087321,7.923655292075945,rules_respected,315
71,VF1RFD00257184142,100200,38.44595429277526,1.37,17.290000000000873,27,1562087321,48.821934000000006,1.959342,1562085702,48.763443,2.088819,1562087321,7.923655292075945,rules_respected,315
72,VF1JZ49BJ55440744,100201,18.818181818205627,0.09,1.1500000000014552,4,1562088105,43.85022,-1.356272,1562087885,43.842216,-1.363367,1562088105,7.826086956511836,rules_respected,315
73,VF1RFD00257184142,100201,24.62107208875363,0.4,3.7000000000043656,10,1562088525,48.821533,1.9218970000000002,1562087984,48.821934000000006,1.959342,1562088525,10.810810810798056,rules_respected,315
74,VF1RFD00257184142,100200,24.62107208875363,0.4,3.7000000000043656,10,1562088525,48.821533,1.9218970000000002,1562087984,48.821934000000006,1.959342,1562088525,10.810810810798056,rules_respected,315
75,VF1JZ49BJ55440744,100201,48.262773722645576,0.34,5.510000000002037,7,1562088615,43.875195,-1.302425,1562088204,43.85022,-1.356272,1562088615,6.170598911068499,rules_respected,315
76,VF1JZ49BJ55440744,100201,41.85058977717331,0.58,8.869999999995342,13,1562089497,43.845192,-1.379192,1562088734,43.875195,-1.302425,1562089497,6.538895152201854,rules_respected,315
77,VF1RFD00257184142,100200,21.535714285704927,0.33,3.3499999999985453,10,1562094082,48.821831,1.959831,1562093522,48.821533,1.921892,1562094082,9.850746268660997,rules_respected,315
78,VF1RFD00257184142,100201,21.535714285704927,0.33,3.3499999999985453,10,1562094082,48.821831,1.959831,1562093522,48.821533,1.921892,1562094082,9.850746268660997,rules_respected,315
79,VF1RFA00X60637450,100201,14.636363636368928,0.11,1.6100000000005816,7,1562099907,47.531075,-2.764236,1562099511,47.522090999999996,-2.777617,1562099907,6.832298136643492,rules_respected,315
80,VF1RFD00257184142,100200,31.27413127413127,0.27,2.25,5,1562132310,48.816402000000004,1.960278,1562132051,48.821861,1.959761,1562132310,12.0,rules_respected,315
81,VF1RFD00257184142,100201,31.27413127413127,0.27,2.25,5,1562132310,48.816402000000004,1.960278,1562132051,48.821861,1.959761,1562132310,12.0,rules_respected,315
82,VF1RFD00257184142,100200,32.326235435915926,2.02,22.349999999998545,42,1562136064,48.763386,2.088303,1562133575,48.828846,1.9853029999999998,1562136064,9.038031319911104,rules_respected,315
83,VF1RFD00257184142,100201,30.092307692326496,0.34,3.2600000000020373,7,1562133471,48.828842,1.985311,1562133081,48.816402000000004,1.960278,1562133471,10.42944785275422,rules_respected,315
84,VF1RFD00257184142,100200,30.092307692326496,0.34,3.2600000000020373,7,1562133471,48.828842,1.985311,1562133081,48.816402000000004,1.960278,1562133471,10.42944785275422,rules_respected,315
85,VF1RFD00257184142,100201,32.326235435915926,2.02,22.349999999998545,42,1562136064,48.763386,2.088303,1562133575,48.828846,1.9853029999999998,1562136064,9.038031319911104,rules_respected,315
86,VF1RFA00X60637450,100201,15.754068716094508,0.24,2.4200000000000728,10,1562147446,47.519619,-2.781758,1562146893,47.530986999999996,-2.764414,1562147446,9.917355371900527,rules_respected,315
87,VF1RFA00X60637450,100201,10.51948051949753,0.05,0.4500000000007276,3,1562148301,47.520321,-2.77975,1562148147,47.519619,-2.781758,1562148301,11.111111111093146,rules_respected,315
88,VF1RFA00X60637450,100201,18.888311688298767,0.16,2.0199999999986176,7,1562149445,47.531029,-2.7642889999999998,1562149060,47.520359,-2.77975,1562149445,7.920792079213343,rules_respected,315
89,VF1RFD00257184142,100201,44.71859010801293,1.61,21.849999999998545,30,1562151772,48.826214,2.2387080000000004,1562150013,48.763386,2.088303,1562151772,7.368421052632071,rules_respected,315
90,VF1RFD00257184142,100200,44.71859010801293,1.61,21.849999999998545,30,1562151772,48.826214,2.2387080000000004,1562150013,48.763386,2.088303,1562151772,7.368421052632071,rules_respected,315
91,VF1RFD00257184142,100200,18.499270072975875,0.43,3.5199999999967986,12,1562156378,48.827549,2.276897,1562155693,48.826214,2.2387080000000004,1562156378,12.215909090920201,rules_respected,315
92,VF1RFD00257184142,100201,18.499270072975875,0.43,3.5199999999967986,12,1562156378,48.827549,2.276897,1562155693,48.826214,2.2387080000000004,1562156378,12.215909090920201,rules_respected,315
93,VF1RFD00257184142,100200,20.622516556329554,0.47,3.4600000000064033,11,1562163546,48.826073,2.238875,1562162942,48.827477,2.276919,1562163546,13.583815028876595,rules_respected,315
94,VF1RFD00257184142,100201,20.622516556329554,0.47,3.4600000000064033,11,1562163546,48.826073,2.238875,1562162942,48.827477,2.276919,1562163546,13.583815028876595,rules_respected,315
95,VF1RFD00257184142,100200,27.608141112613612,2.96,28.25999999999476,62,1562170279,48.816364,1.960303,1562166594,48.826073,2.238875,1562170279,10.47416843595382,rules_respected,315
96,VF1RFD00257184142,100201,27.608141112613612,2.96,28.25999999999476,62,1562170279,48.816364,1.960303,1562166594,48.826073,2.238875,1562170279,10.47416843595382,rules_respected,315
97,VF1RFD00257184142,100201,18.986301369873782,0.21,1.5400000000008731,5,1562170903,48.822517,1.9601669999999998,1562170611,48.816364,1.9603,1562170903,13.636363636355902,rules_respected,315
98,VF1RFD00257184142,100200,18.986301369873782,0.21,1.5400000000008731,5,1562170903,48.822517,1.9601669999999998,1562170611,48.816364,1.9603,1562170903,13.636363636355902,rules_respected,315
99,VF1RFA00X60637450,100201,23.796610169511503,0.09,0.7800000000006548,2,1562173129,47.527763,-2.767603,1562173011,47.531029,-2.7642889999999998,1562173129,11.53846153845185,rules_respected,315
100,VF1RFA00X60637450,100201,17.302325581417684,0.05,0.6200000000008004,3,1562173484,47.530879999999996,-2.763953,1562173355,47.527763,-2.767603,1562173484,8.064516129021849,rules_respected,315
101,VF1RFA00X60637450,100201,54.626979100694655,1.28,23.959999999999127,27,1562177157,47.664885999999996,-2.7530919999999997,1562175578,47.531006,-2.764358,1562177157,5.3422370617698105,rules_non_respected,26
102,VF1RFA00X60637450,100201,43.524229074891146,1.19,24.70000000000073,35,1562181120,47.530983,-2.764378,1562179077,47.664885999999996,-2.7530919999999997,1562181120,4.817813765182044,rules_respected,315
103,VF1RFD00257184142,100200,28.376470588238373,0.31,2.680000000000291,6,1562218893,48.816390999999996,1.960264,1562218553,48.822617,1.959972,1562218893,11.567164179103221,rules_respected,315
104,VF1RFD00257184142,100201,28.376470588238373,0.31,2.680000000000291,6,1562218893,48.816390999999996,1.960264,1562218553,48.822617,1.959972,1562218893,11.567164179103221,rules_respected,315
105,VF1RFD00257184142,100201,36.675544794192675,1.48,16.830000000001746,28,1562220832,48.763519,2.088753,1562219180,48.816390999999996,1.960264,1562220832,8.793820558525528,rules_respected,315
106,VF1RFD00257184142,100200,36.675544794192675,1.48,16.830000000001746,28,1562220832,48.763519,2.088753,1562219180,48.816390999999996,1.960264,1562220832,8.793820558525528,rules_respected,315
107,VF1RFA00X60637450,100201,2.5714285714067437,0.02,0.059999999999490676,2,1562250027,47.530986999999996,-2.763975,1562249943,47.531033,-2.7643419999999996,1562250027,33.33333333361629,rules_respected,315
108,VF1RFD00257184142,100201,23.428571428521533,0.26,2.0499999999956344,6,1562253190,48.75761,2.0818939999999997,1562252875,48.763519,2.088753,1562253190,12.682926829295305,rules_respected,315
109,VF1RFD00257184142,100200,23.428571428521533,0.26,2.0499999999956344,6,1562253190,48.75761,2.0818939999999997,1562252875,48.763519,2.088753,1562253190,12.682926829295305,rules_respected,315
110,VF1RFD00257184142,100201,31.547938860592822,1.72,18.92000000000553,36,1562255550,48.822086,1.9600080000000002,1562253391,48.75761,2.081955,1562255550,9.090909090906433,rules_respected,315
111,VF1RFD00257184142,100200,31.547938860592822,1.72,18.92000000000553,36,1562255550,48.822086,1.9600080000000002,1562253391,48.75761,2.081955,1562255550,9.090909090906433,rules_respected,315
112,VF1RFD00257184142,100200,24.27216494842985,0.4,3.2699999999967986,9,1562257451,48.821552000000004,1.921931,1562256966,48.822052,1.960075,1562257451,12.232415902152647,rules_respected,315
113,VF1RFD00257184142,100201,24.27216494842985,0.4,3.2699999999967986,9,1562257451,48.821552000000004,1.921931,1562256966,48.822052,1.960075,1562257451,12.232415902152647,rules_respected,315
114,VF1RFA00X60637450,100201,2.7692307692912155,0.02,0.030000000000654836,1,1562257577,47.530949,-2.763936,1562257538,47.530949,-2.763936,1562257577,66.66666666521148,rules_respected,315
115,VF1RFA00X60637450,100201,5.361702127637282,0.01,0.06999999999970896,1,1562263297,47.531105,-2.76415,1562263250,47.530937,-2.764383,1562263297,14.28571428577368,rules_respected,315
116,VF1RFA00X60637450,100201,2.000000000043656,0.01,0.01000000000021828,1,1562263372,47.531094,-2.76425,1562263354,47.531136,-2.764175,1562263372,99.99999999781721,rules_respected,315
117,VF1RFD00257184142,100200,21.80645161293327,0.37,3.3800000000046566,10,1562264030,48.821953,1.9593470000000002,1562263472,48.821521999999995,1.9219419999999998,1562264030,10.946745562115094,rules_respected,315
118,VF1RFD00257184142,100201,21.80645161293327,0.37,3.3800000000046566,10,1562264030,48.821953,1.9593470000000002,1562263472,48.821521999999995,1.9219419999999998,1562264030,10.946745562115094,rules_respected,315
119,VF1RFD00257184142,100201,71.01830407171894,3.44,52.80999999999767,45,1562275837,48.681121999999995,2.413442,1562273160,48.821953,1.9593450000000001,1562275837,6.5139178185952495,rules_non_respected,26
120,VF1RFD00257184142,100200,71.01830407171894,3.44,52.80999999999767,45,1562275837,48.681121999999995,2.413442,1562273160,48.821953,1.9593450000000001,1562275837,6.5139178185952495,rules_non_respected,26
121,VF1RFD00257184142,100201,25.233644859813083,0.26,2.25,6,1562304791,48.816353,1.960306,1562304470,48.821587,1.9600529999999998,1562304791,11.555555555555555,rules_respected,315
122,VF1RFD00257184142,100200,68.66737064414234,3.71,54.19000000000233,48,1562278839,48.821495,1.9601,1562275998,48.681121999999995,2.413442,1562278839,6.846281601771251,rules_non_respected,26
123,VF1RFD00257184142,100200,25.233644859813083,0.26,2.25,6,1562304791,48.816353,1.960306,1562304470,48.821587,1.9600529999999998,1562304791,11.555555555555555,rules_respected,315
124,VF1RFD00257184142,100201,68.66737064414234,3.71,54.19000000000233,48,1562278839,48.821495,1.9601,1562275998,48.681121999999995,2.413442,1562278839,6.846281601771251,rules_respected,315
125,VF1RFD00257184142,100200,38.39530332680676,1.43,16.349999999998545,26,1562306570,48.763527,2.0888720000000003,1562305037,48.816353,1.960306,1562306570,8.74617737003136,rules_respected,315
126,VF1RFA00X60637450,100201,19.18248175181334,0.06,0.7299999999995634,3,1562310242,47.526539,-2.770895,1562310105,47.52861,-2.767722,1562310242,8.219178082196695,rules_respected,315
127,VF1RFD00257184142,100201,38.39530332680676,1.43,16.349999999998545,26,1562306570,48.763527,2.0888720000000003,1562305037,48.816353,1.960306,1562306570,8.74617737003136,rules_respected,315
128,VF1RFA00X60637450,100201,0.0,0.0,0.0,1,1562311268,47.530861,-2.7640029999999998,1562311248,47.530834000000006,-2.764025,1562311268,0.0,rules_respected,315
129,VF1RFA00X60637450,100201,13.909090909096866,0.05,0.5100000000002183,3,1562309833,47.528690000000005,-2.767722,1562309701,47.531033,-2.764297,1562309833,9.803921568623256,rules_respected,315
130,VF1RFA00X60637450,100201,14.09885931557342,0.09,1.0299999999988358,5,1562310750,47.530857,-2.7640029999999998,1562310487,47.525847999999996,-2.76843,1562310750,8.737864077679777,rules_respected,315
131,VF1RFA00X60637450,100201,6.545454545597418,0.01,0.04000000000087312,1,1562343095,47.530914,-2.764061,1562343073,47.530914,-2.764061,1562343095,24.999999999454303,rules_respected,315
132,VF1RFA00X60637450,100201,43.25255474452325,0.47,8.229999999999562,12,1562344322,47.526852000000005,-2.858619,1562343637,47.530994,-2.7643169999999997,1562344322,5.710814094775515,rules_respected,315
133,VF1RFD00257184142,100201,49.046077210454904,1.47,21.879999999997377,27,1562320593,48.826118,2.238717,1562318987,48.763527,2.0888720000000003,1562320593,6.718464351006289,rules_respected,315
134,VF1RFD00257184142,100200,49.046077210454904,1.47,21.879999999997377,27,1562320593,48.826118,2.238717,1562318987,48.763527,2.0888720000000003,1562320593,6.718464351006289,rules_respected,315
135,VF1RFA00X60637450,100201,48.86143572621647,0.47,8.130000000001019,10,1562354155,47.530994,-2.764308,1562353556,47.526852000000005,-2.858619,1562354155,5.781057810577381,rules_respected,315
136,VF1JZ49BJ55440744,100201,64.74681986047604,2.14,43.82999999999447,41,1562487000,45.078659,-1.036697,1562484563,44.850239,-0.667183,1562487000,4.882500570386196,rules_respected,315
137,VF1JZ49BJ55440744,100201,35.75675675676738,0.87,14.700000000004366,25,1562489075,45.102013,-1.137578,1562487595,45.078716,-1.036658,1562489075,5.918367346937018,rules_respected,315
138,VF1JZ49BJ55440744,100201,20.14096916298329,0.28,3.809999999997672,12,1562490058,45.095589000000004,-1.147542,1562489377,45.102036,-1.137606,1562490058,7.3490813648338875,rules_respected,315
139,VF1RFD00257184142,100200,27.956403269740488,0.41,2.8499999999985453,7,1562498414,48.828789,1.9852830000000001,1562498047,48.822487,1.960131,1562498414,14.385964912288046,rules_respected,315
140,VF1RFD00257184142,100200,31.10204081633723,0.26,2.540000000000873,5,1562498813,48.821918,1.9592889999999998,1562498519,48.828659,1.985194,1562498813,10.236220472437424,rules_respected,315
141,VF1JZ49BJ55440744,100201,8.739884393027246,0.09,0.8399999999965075,6,1562493843,45.101017,-1.143283,1562493497,45.103977,-1.144736,1562493843,10.71428571433026,rules_respected,315
142,VF1RFD00257184142,100201,27.956403269740488,0.41,2.8499999999985453,7,1562498414,48.828789,1.9852830000000001,1562498047,48.822487,1.960131,1562498414,14.385964912288046,rules_respected,315
143,VF1RFD00257184142,100200,63.521739130441844,2.35,34.09000000000378,33,1562500868,48.846241,2.3018080000000003,1562498936,48.822006,1.9593720000000001,1562500868,6.893517160456848,rules_non_respected,26
144,VF1RFD00257184142,100201,15.625668449182921,0.75,4.8699999999953425,19,1562502283,48.825939,2.33533,1562501161,48.846157,2.3019279999999998,1562502283,15.400410677632795,rules_respected,315
145,VF1RFD00257184142,100200,15.625668449182921,0.75,4.8699999999953425,19,1562502283,48.825939,2.33533,1562501161,48.846157,2.3019279999999998,1562502283,15.400410677632795,rules_respected,315
146,VF1RFD00257184142,100201,31.10204081633723,0.26,2.540000000000873,5,1562498813,48.821918,1.9592889999999998,1562498519,48.828659,1.985194,1562498813,10.236220472437424,rules_respected,315
147,VF1RFA00X60637450,100201,0.0,0.0,0.0,1,1562514331,47.531009999999995,-2.764303,1562514321,47.531009999999995,-2.764303,1562514331,0.0,rules_respected,315
148,VF1JZ49BJ55440744,100201,2.399999999615829,0.01,0.019999999996798582,1,1562509554,46.297573,-0.370408,1562509524,46.297626,-0.370825,1562509554,50.000000008003546,rules_respected,315
149,VF1RFA00X60637450,100201,55.04680851064164,1.18,21.560000000001306,24,1562518253,47.559559,-2.5137,1562516843,47.530998,-2.7643419999999996,1562518253,5.473098330240855,rules_non_respected,26
150,VF1RFD00257184142,100201,63.521739130441844,2.35,34.09000000000378,33,1562500868,48.846241,2.3018080000000003,1562498936,48.822006,1.9593720000000001,1562500868,6.893517160456848,rules_respected,315
151,VF1JZ49BJ55440744,100201,113.95683453237517,11.99,158.40000000000146,84,1562509296,46.297558,-0.370714,1562504292,44.975254,-0.43261099999999997,1562509296,7.5694444444443745,rules_non_respected,26
152,VF1RFA00X60637450,100201,11.795744680829886,0.13,0.7699999999986176,4,1562518609,47.559067,-2.511825,1562518374,47.559559,-2.5137,1562518609,16.883116883147196,rules_respected,315
153,VF1RFA00X60637450,100201,3.348837209223136,0.01,0.039999999999054126,1,1562524149,47.418549,-1.017664,1562524106,47.418537,-1.018219,1562524149,25.00000000059117,rules_respected,315
154,VF1RFA00X60637450,100201,0.0,0.0,0.0,1,1562515372,47.530998,-2.7643419999999996,1562515364,47.530998,-2.7643419999999996,1562515372,0.0,rules_respected,315
155,VF1JZ49BJ55440744,100201,65.7387773516841,4.23,80.95000000000438,74,1562503806,44.975231,-0.43265299999999995,1562499373,45.100903,-1.143536,1562503806,5.225447807288169,rules_respected,315
156,VF1RFA00X60637450,100201,2.9387755102682287,0.01,0.04000000000087312,1,1562534794,48.634834000000005,2.1485090000000002,1562534745,48.634739,2.1480580000000002,1562534794,24.999999999454303,rules_respected,315
157,VF1JZ49BJ55440744,100201,120.36720554272742,12.66,173.7300000000032,87,1562515374,47.473984,0.776025,1562510178,46.297546000000004,-0.370422,1562515374,7.287169746157698,rules_respected,315
158,VF1RFD00257184142,100200,55.99268069533394,2.49,34.0,37,1562520728,48.82196,1.959725,1562518542,48.846153,2.301939,1562520728,7.323529411764707,rules_respected,315
159,VF1RFD00257184142,100200,17.26571113563501,0.54,4.350000000005822,16,1562518439,48.846153,2.301939,1562517532,48.826054,2.335442,1562518439,12.413793103431663,rules_respected,315
160,VF1RFD00257184142,100201,55.99268069533394,2.49,34.0,37,1562520728,48.82196,1.959725,1562518542,48.846153,2.301939,1562520728,7.323529411764707,rules_respected,315
161,VF1RFD00257184142,100200,38.296874999991815,1.3,16.339999999996508,26,1562566289,48.763519,2.08875,1562564753,48.816399,1.960303,1562566289,7.955936352510881,rules_respected,315
162,VF1RFD00257184142,100201,17.26571113563501,0.54,4.350000000005822,16,1562518439,48.846153,2.301939,1562517532,48.826054,2.335442,1562518439,12.413793103431663,rules_respected,315
163,VF1RFA00X60637450,100201,120.10593900481531,18.28,290.9899999999998,146,1562534617,48.634739,2.1480580000000002,1562525895,47.418549,-1.017664,1562534617,6.282002817966259,rules_non_respected,26
164,VF1JZ49BJ55440744,100201,105.56947162426384,8.42,119.87999999999737,69,1562520287,48.109077,1.8518330000000003,1562516199,47.473999,0.775942,1562520287,7.0236903570238445,rules_respected,315
165,VF1RFD00257184142,100200,28.421052631578952,0.24,2.25,5,1562564473,48.816399,1.9602939999999998,1562564188,48.82193,1.9597200000000001,1562564473,10.666666666666666,rules_respected,315
166,VF1JZ49BJ55440744,100201,82.50125733445141,7.24,109.36000000000057,80,1562525302,48.885487,2.178833,1562520530,48.109089000000004,1.851847,1562525302,6.6203365032918455,rules_respected,315
167,VF1RFD00257184142,100201,28.421052631578952,0.24,2.25,5,1562564473,48.816399,1.9602939999999998,1562564188,48.82193,1.9597200000000001,1562564473,10.666666666666666,rules_respected,315
168,VF1RFD00257184142,100201,38.296874999991815,1.3,16.339999999996508,26,1562566289,48.763519,2.08875,1562564753,48.816399,1.960303,1562566289,7.955936352510881,rules_respected,315
169,VF1JZ49BJ55440744,100201,14.887649402397118,0.47,5.190000000002328,21,1562569222,48.864166,2.1807939999999997,1562567967,48.885517,2.178642,1562569222,9.055876685930427,rules_respected,315
170,VF1JZ49BJ55440744,100201,28.260393873082474,0.86,14.349999999998545,31,1562571656,48.801086,2.135859,1562569828,48.864166,2.1807939999999997,1562571656,5.9930313588856245,rules_respected,315
171,VF1JZ49BJ55440744,100201,37.80295566502721,0.54,12.790000000000873,21,1562602399,48.884834000000005,2.1643779999999997,1562601181,48.801086,2.135859,1562602399,4.2220484753710945,rules_respected,315
172,VF1JZ49BJ55440744,100201,15.406451612887453,0.15,1.9899999999979627,8,1562603175,48.885498,2.179231,1562602710,48.884834000000005,2.1643779999999997,1562603175,7.537688442218772,rules_respected,315
173,VF1RFD00257184142,100201,7.800000000061117,0.07,0.2600000000020373,2,1562610087,48.764675,2.0892470000000003,1562609967,48.764454,2.09,1562610087,26.923076922865967,rules_respected,315
174,VF1RFD00257184142,100200,7.800000000061117,0.07,0.2600000000020373,2,1562610087,48.764675,2.0892470000000003,1562609967,48.764454,2.09,1562610087,26.923076922865967,rules_respected,315
175,VF1JZ49BJ55440744,100201,25.047210300423192,1.0,14.589999999996508,35,1562657194,48.801411,2.135853,1562655097,48.885467999999996,2.179347,1562657194,6.854009595615075,rules_respected,315
176,VF1JZ49BJ55440744,100201,33.557986870913204,0.57,12.780000000006114,23,1562686336,48.884871999999994,2.164389,1562684965,48.801411,2.135853,1562686336,4.460093896711482,rules_respected,315
177,VF1JZ49BJ55440744,100201,17.10638297867882,0.16,2.0099999999947613,8,1562687352,48.885467999999996,2.178811,1562686929,48.884914,2.164453,1562687352,7.960199004995871,rules_respected,315
178,VF1JZ49BJ55440744,100201,16.71927554982357,0.33,3.5900000000037835,13,1562693942,48.86248,2.19492,1562693169,48.885448,2.178922,1562693942,9.192200557093377,rules_respected,315
179,VF1JZ49BJ55440744,100201,20.73684210527541,0.24,3.940000000002328,12,1562706074,48.885487,2.178831,1562705390,48.86248,2.19492,1562706074,6.091370558372035,rules_respected,315
180,VF1JZ49BJ55440744,100201,14.864754098356359,0.24,4.029999999998837,17,1562742746,48.885498,2.179583,1562741770,48.859669,2.1834439999999997,1562742746,5.955334987594773,rules_respected,315
181,VF1JZ49BJ55440744,100201,20.097744360885514,0.5,5.939999999995053,18,1562741370,48.859734,2.183378,1562740306,48.885517,2.1786939999999997,1562741370,8.417508417515428,rules_respected,315
182,VF1JZ49BJ55440744,100201,12.525773195862785,0.17,1.3499999999985448,7,1562772634,48.88472,2.164403,1562772246,48.885498,2.179583,1562772634,12.592592592606168,rules_respected,315
183,VF1JZ49BJ55440744,100201,17.141116751250948,0.33,4.6899999999950515,17,1562779639,48.885487,2.178811,1562778654,48.862499,2.194889,1562779639,7.036247334762222,rules_respected,315
184,VF1JZ49BJ55440744,100201,21.97141081416964,0.38,9.819999999999707,27,1563810602,48.885525,2.179511,1563808993,48.874161,2.299845,1563810602,3.869653767820888,rules_respected,315
185,VF1JZ49BJ55440744,100201,38.811470408797994,0.91,17.67000000000553,28,1563794490,48.874161,2.299845,1563792851,48.801231,2.135897,1563794490,5.149971703450569,rules_respected,315
186,VF1JZ49BJ55440744,100201,1.8461538465299567,0.01,0.020000000004074536,1,1563862372,48.861691,2.1840330000000003,1563862333,48.861591,2.184,1563862372,49.99999998981365,rules_respected,315
187,VF1JZ49BJ55440744,100201,17.260273972596213,0.4,3.8499999999985453,14,1563860549,48.861736,2.184211,1563859746,48.885536,2.179611,1563860549,10.389610389614317,rules_respected,315
188,VF1JZ49BJ55440744,100201,2.0000000004074536,0.0,0.010000000002037268,1,1563860804,48.861675,2.184386,1563860786,48.861736,2.1842200000000003,1563860804,0.0,rules_respected,315
189,VF1JZ49BJ55440744,100201,4.736842104849577,0.01,0.049999999995634425,1,1563862016,48.861571999999995,2.184022,1563861978,48.86166,2.184372,1563862016,20.00000000174623,rules_respected,315
190,VF1JZ49BJ55440744,100201,0.0,0.0,0.0,1,1563862464,48.861691,2.1840330000000003,1563862448,48.861691,2.1840330000000003,1563862464,0.0,rules_respected,315
191,VF1JZ49BJ55440744,100201,15.958115183205845,0.16,2.5399999999935967,10,1563863494,48.877235,2.179236,1563862921,48.861732,2.184025,1563863494,6.299212598441076,rules_respected,315
192,VF1JZ49BJ55440744,100201,11.27896995713101,0.17,1.4600000000064028,8,1563873819,48.885498,2.1790580000000004,1563873353,48.877235,2.179236,1563873819,11.643835616387292,rules_respected,315
193,VF1RFE00856576716,100201,27.384367445608103,1.76,28.31999999999971,63,1563866819,48.826145000000004,2.238542,1563863096,48.657112,2.371281,1563866819,6.214689265536787,rules_respected,315
194,VF1RFE00856576716,100200,27.384367445608103,1.76,28.31999999999971,63,1563866819,48.826145000000004,2.238542,1563863096,48.657112,2.371281,1563866819,6.214689265536787,rules_respected,315
195,VF1RFE00856576716,100201,27.43326039387366,0.88,13.930000000000293,31,1563877153,48.891098,2.23367,1563875325,48.826145000000004,2.238542,1563877153,6.317300789662466,rules_respected,315
196,VF1RFE00856576716,100200,27.43326039387366,0.88,13.930000000000293,31,1563877153,48.891098,2.23367,1563875325,48.826145000000004,2.238542,1563877153,6.317300789662466,rules_respected,315
197,VF1JZ49BJ55440744,100201,14.43416370105643,0.39,3.3799999999973807,15,1563949551,48.864146999999996,2.180883,1563948708,48.885467999999996,2.17912,1563949551,11.53846153847048,rules_respected,315
198,VF1RFE00856576716,100200,46.554641598124164,2.26,44.02000000000408,57,1563902080,48.657047,2.3713,1563898676,48.826088,2.238589,1563902080,5.134029986369357,rules_respected,315
199,VF1RFE00856576716,100201,46.554641598124164,2.26,44.02000000000408,57,1563902080,48.657047,2.3713,1563898676,48.826088,2.238589,1563902080,5.134029986369357,rules_respected,315
200,VF1RFE00856576716,100201,11.571428571416096,0.13,1.3499999999985448,7,1563950658,48.662147999999995,2.374806,1563950238,48.657047,2.371347,1563950658,9.629629629640009,rules_respected,315
201,VF1JZ49BJ55440744,100201,27.061288632803016,1.06,14.350000000005819,32,1563952143,48.801128000000006,2.135883,1563950234,48.864146999999996,2.180883,1563952143,7.386759581878537,rules_respected,315
202,VF1JZ49BJ55440744,100201,16.898876404487186,0.72,7.5199999999967995,27,1563896715,48.885487,2.179086,1563895113,48.885487,2.179106,1563896715,9.57446808511046,rules_respected,315
203,VF1RFE00856576716,100200,11.571428571416096,0.13,1.3499999999985448,7,1563950658,48.662147999999995,2.374806,1563950238,48.657047,2.371347,1563950658,9.629629629640009,rules_respected,315
204,VF1RFE00856576716,100200,33.25629993853461,1.78,30.05999999999767,55,1563954066,48.756947,2.085711,1563950812,48.662147999999995,2.374806,1563954066,5.9214903526285365,rules_respected,315
205,VF1RFE00856576716,100201,33.25629993853461,1.78,30.05999999999767,55,1563954066,48.756947,2.085711,1563950812,48.662147999999995,2.374806,1563954066,5.9214903526285365,rules_respected,315
206,VF1RFD00257184142,100201,27.692307692282508,0.35,3.1999999999970896,7,1564310001,48.828831,1.9853330000000002,1564309585,48.826691,1.948433,1564310001,10.937500000009948,rules_respected,315
207,VF1RFD00257184142,100200,27.692307692282508,0.35,3.1999999999970896,7,1564310001,48.828831,1.9853330000000002,1564309585,48.826691,1.948433,1564310001,10.937500000009948,rules_respected,315
208,VF1RFD00257184142,100201,25.024390243889663,0.14,1.139999999999418,3,1564310350,48.821583000000004,1.9784970000000002,1564310186,48.828831,1.9853330000000002,1564310350,12.280701754392235,rules_respected,315
209,VF1RFD00257184142,100201,65.24137931034598,2.22,33.110000000000575,31,1564312292,48.769096000000005,2.2879970000000003,1564310465,48.821583000000004,1.9784970000000002,1564312292,6.704922983992635,rules_non_respected,26
210,VF1RFD00257184142,100200,25.024390243889663,0.14,1.139999999999418,3,1564310350,48.821583000000004,1.9784970000000002,1564310186,48.828831,1.9853330000000002,1564310350,12.280701754392235,rules_respected,315
211,VF1JZ49BJ55440744,100201,83.74688398849572,3.6,72.79000000000087,53,1564323407,43.352856,1.8064470000000001,1564320278,43.831478000000004,1.390042,1564323407,4.945734304162602,rules_non_respected,26
212,VF1JZ49BJ55440744,100201,121.91078838174437,3.6,65.29000000000087,33,1564325689,43.177071000000005,2.542075,1564323761,43.352856,1.806455,1564325689,5.513861234492191,rules_non_respected,26
213,VF1RFD00257184142,100200,65.24137931034598,2.22,33.110000000000575,31,1564312292,48.769096000000005,2.2879970000000003,1564310465,48.821583000000004,1.9784970000000002,1564312292,6.704922983992635,rules_respected,315
214,VF1RFD00257184142,100201,68.59223300971192,2.18,31.400000000001448,28,1564330986,48.821723999999996,1.9601529999999998,1564329338,48.76907,2.288019,1564330986,6.942675159235348,rules_respected,315
215,VF1JZ49BJ55440744,100201,20.190715181937502,0.38,4.470000000001164,14,1564320078,43.831466999999996,1.390031,1564319281,43.864342,1.3798,1564320078,8.501118568230448,rules_respected,315
216,VF1RFD00257184142,100200,68.59223300971192,2.18,31.400000000001448,28,1564330986,48.821723999999996,1.9601529999999998,1564329338,48.76907,2.288019,1564330986,6.942675159235348,rules_respected,315
217,VF1RFD00257184142,100200,30.043165467622128,0.26,2.319999999999709,5,1564379547,48.816371999999994,1.96022,1564379269,48.821723999999996,1.9601830000000002,1564379547,11.206896551725542,rules_respected,315
218,VF1RFD00257184142,100200,24.000000000020147,0.13,1.0400000000008731,3,1564380230,48.820309,1.962264,1564380074,48.816371999999994,1.96022,1564380230,12.499999999989505,rules_respected,315
219,VF1JZ49BJ55440744,100201,90.95090118085552,6.86,121.94999999999708,81,1564331021,42.599297,3.037472,1564326194,43.177040000000005,2.542086,1564331021,5.62525625256266,rules_respected,315
220,VF1RFD00257184142,100201,24.000000000020147,0.13,1.0400000000008731,3,1564380230,48.820309,1.962264,1564380074,48.816371999999994,1.96022,1564380230,12.499999999989505,rules_respected,315
221,VF1RFD00257184142,100200,46.582989265065,1.27,15.669999999998256,21,1564381564,48.763508,2.088839,1564380353,48.820309,1.962264,1564381564,8.104658583281056,rules_respected,315
222,VF1JZ49BJ55440744,100201,3.4285714286462667,0.03,0.12000000000261934,3,1564331805,42.598827,3.037625,1564331679,42.599297,3.037475,1564331805,24.999999999454303,rules_respected,315
223,VF1JZ49BJ55440744,100201,0.7200000001466833,0.01,0.010000000002037268,1,1564331915,42.598816,3.037625,1564331865,42.598827,3.037625,1564331915,99.9999999796273,rules_respected,315
224,VF1JZ49BJ55440744,100201,0.0,0.0,0.0,1,1564332341,42.59882,3.037636,1564332331,42.59882,3.037636,1564332341,0.0,rules_respected,315
225,VF1RFD00257184142,100201,46.582989265065,1.27,15.669999999998256,21,1564381564,48.763508,2.088839,1564380353,48.820309,1.962264,1564381564,8.104658583281056,rules_respected,315
226,VF1RFD00257184142,100201,30.043165467622128,0.26,2.319999999999709,5,1564379547,48.816371999999994,1.96022,1564379269,48.821723999999996,1.9601830000000002,1564379547,11.206896551725542,rules_respected,315
227,VF1JZ49BJ55440744,100201,31.461756373928772,0.48,6.169999999998254,12,1564409700,42.598865999999994,3.037667,1564408994,42.606728000000004,2.9961450000000003,1564409700,7.779578606161034,rules_respected,315
228,VF1RFD00257184142,100200,42.441844459750016,1.37,17.130000000004653,25,1564417146,48.816368,1.960261,1564415693,48.763508,2.088839,1564417146,7.997664915351008,rules_respected,315
229,VF1RFD00257184142,100201,42.441844459750016,1.37,17.130000000004653,25,1564417146,48.816368,1.960261,1564415693,48.763508,2.088839,1564417146,7.997664915351008,rules_respected,315
230,VF1RFD00257184142,100201,16.959537572227088,0.21,1.6299999999973809,6,1564417808,48.820938,1.9595939999999998,1564417462,48.816368,1.960261,1564417808,12.88343558284279,rules_respected,315
231,VF1RFD00257184142,100200,16.959537572227088,0.21,1.6299999999973809,6,1564417808,48.820938,1.9595939999999998,1564417462,48.816368,1.960261,1564417808,12.88343558284279,rules_respected,315
232,VF1RFD00257184142,100200,42.28571428573016,1.3,16.280000000006112,24,1564467486,48.763493,2.088694,1564466100,48.816383,1.9603080000000002,1564467486,7.985257985254988,rules_respected,315
233,VF1RFD00257184142,100200,27.31034482755007,0.25,2.1999999999970896,5,1564465721,48.816383,1.9603080000000002,1564465431,48.820969,1.9597060000000002,1564465721,11.363636363651395,rules_respected,315
234,VF1RFD00257184142,100201,27.31034482755007,0.25,2.1999999999970896,5,1564465721,48.816383,1.9603080000000002,1564465431,48.820969,1.9597060000000002,1564465721,11.363636363651395,rules_respected,315
235,VF1RFD00257184142,100201,42.28571428573016,1.3,16.280000000006112,24,1564467486,48.763493,2.088694,1564466100,48.816383,1.9603080000000002,1564467486,7.985257985254988,rules_respected,315
236,VF1RFD00257184142,100201,58.074498567323225,1.88,28.14999999999418,30,1564487194,48.860294,2.184142,1564485449,48.763493,2.088694,1564487194,6.678507992896585,rules_respected,315
237,VF1RFD00257184142,100200,58.074498567323225,1.88,28.14999999999418,30,1564487194,48.860294,2.184142,1564485449,48.763493,2.088694,1564487194,6.678507992896585,rules_respected,315
238,VF1JZ49BJ55440744,100201,38.330250990753434,1.53,24.18000000000029,38,1564495895,42.529907,3.078764,1564493624,42.598789000000004,3.0376279999999998,1564495895,6.3275434243175415,rules_respected,315
239,VF1JZ49BJ55440744,100201,0.0,0.02,0.0,1,1564495911,42.529907,3.078764,1564495906,42.529907,3.078764,1564495911,0.0,rules_respected,315
240,VF1RFD00257184142,100201,42.20041753654648,1.79,22.460000000006403,32,1564502206,48.825691,1.9679669999999998,1564500290,48.860294,2.184142,1564502206,7.969723953693186,rules_respected,315
241,VF1RFD00257184142,100200,42.20041753654648,1.79,22.460000000006403,32,1564502206,48.825691,1.9679669999999998,1564500290,48.860294,2.184142,1564502206,7.969723953693186,rules_respected,315
242,VF1RFD00257184142,100200,18.16216216208665,0.13,1.1199999999953434,4,1564502658,48.822021,1.960003,1564502436,48.825691,1.9679669999999998,1564502658,11.607142857191114,rules_respected,315
243,VF1RFD00257184142,100201,18.16216216208665,0.13,1.1199999999953434,4,1564502658,48.822021,1.960003,1564502436,48.825691,1.9679669999999998,1564502658,11.607142857191114,rules_respected,315
244,VF1JZ49BJ55440744,100201,55.47906976745485,0.61,9.940000000002328,11,1564508655,42.558941,3.0084,1564508010,42.529877,3.0787419999999996,1564508655,6.136820925551883,rules_respected,315
245,VF1JZ49BJ55440744,100201,52.52104208415994,0.49,7.279999999998837,9,1564509564,42.604038,2.9795439999999997,1564509065,42.558945,3.008408,1564509564,6.730769230770308,rules_respected,315
246,VF1JZ49BJ55440744,100201,29.852721451428472,0.48,7.7699999999967995,16,1564510573,42.598816,3.037631,1564509636,42.604031,2.979581,1564510573,6.177606177608722,rules_respected,315
247,VF1RFD00257184142,100201,26.709677419388644,0.28,2.3000000000029104,6,1564551830,48.816371999999994,1.9603169999999999,1564551520,48.821953,1.960011,1564551830,12.173913043462855,rules_respected,315
248,VF1RFD00257184142,100201,54.4941176470465,1.4,19.299999999995638,22,1564553875,48.757626,2.081906,1564552600,48.828823,1.985336,1564553875,7.253886010364335,rules_respected,315
249,VF1RFD00257184142,100201,31.718918918938737,0.31,3.2600000000020373,7,1564552474,48.828827000000004,1.985325,1564552104,48.816371999999994,1.9603169999999999,1564552474,9.509202453981787,rules_respected,315
250,VF1RFD00257184142,100200,26.709677419388644,0.28,2.3000000000029104,6,1564551830,48.816371999999994,1.9603169999999999,1564551520,48.821953,1.960011,1564551830,12.173913043462855,rules_respected,315
251,VF1RFD00257184142,100200,31.718918918938737,0.31,3.2600000000020373,7,1564552474,48.828827000000004,1.985325,1564552104,48.816371999999994,1.9603169999999999,1564552474,9.509202453981787,rules_respected,315
252,VF1RFD00257184142,100200,13.230769230778186,0.13,0.8600000000005821,4,1564554676,48.763474,2.088717,1564554442,48.764343,2.086386,1564554676,15.116279069757212,rules_respected,315
253,VF1RFD00257184142,100200,54.4941176470465,1.4,19.299999999995638,22,1564553875,48.757626,2.081906,1564552600,48.828823,1.985336,1564553875,7.253886010364335,rules_respected,315
254,VF1RFD00257184142,100200,36.63436123344325,0.19,2.309999999997672,4,1564554228,48.764346999999994,2.086386,1564554001,48.757659999999994,2.081964,1564554228,8.225108225116514,rules_respected,315
255,VF1RFD00257184142,100201,13.230769230778186,0.13,0.8600000000005821,4,1564554676,48.763474,2.088717,1564554442,48.764343,2.086386,1564554676,15.116279069757212,rules_respected,315
256,VF1RFD00257184142,100201,36.63436123344325,0.19,2.309999999997672,4,1564554228,48.764346999999994,2.086386,1564554001,48.757659999999994,2.081964,1564554228,8.225108225116514,rules_respected,315
257,VF1JZ49BJ55440744,100201,107.7100175746929,14.87,204.29000000000087,114,1565275889,43.589352000000005,5.1893199999999995,1565269061,43.215431,3.092781,1565275889,7.278868275490693,rules_respected,315
258,VF1JZ49BJ55440744,100201,94.4710234278637,7.57,191.5399999999936,122,1565267669,43.215431,3.092778,1565260370,43.864371999999996,1.379836,1565267669,3.9521770909471927,rules_non_respected,26
259,VF1JZ49BJ55440744,100201,86.72959545777073,8.39,135.77999999999884,94,1565281951,43.276634,6.581328,1565276315,43.589348,5.1893,1565281951,6.179113271468606,rules_non_respected,26
260,VF1JZ49BJ55440744,100201,6.113207547426804,0.01,0.0900000000037835,1,1565282421,43.27647,6.581955000000001,1565282368,43.276634,6.581328,1565282421,11.111111110644012,rules_respected,315
261,VF1JZ49BJ55440744,100201,23.196304849891785,0.26,2.790000000000873,8,1565356253,43.262302000000005,6.578536,1565355820,43.276455,6.581966,1565356253,9.318996415767694,rules_respected,315
262,VF1JZ49BJ55440744,100201,20.992974238858704,0.23,2.4899999999979627,8,1565362157,43.276474,6.581961,1565361730,43.262302000000005,6.578536,1565362157,9.236947791172216,rules_respected,315
263,VF1RFD00257184142,100201,9.957446808310008,0.05,0.12999999999738066,1,1565600273,48.757431,2.0854169999999996,1565600226,48.816390999999996,1.960292,1565600273,38.46153846231342,rules_respected,315
264,VF1RFD00257184142,100200,9.957446808310008,0.05,0.12999999999738066,1,1565600273,48.757431,2.0854169999999996,1565600226,48.816390999999996,1.960292,1565600273,38.46153846231342,rules_respected,315
265,VF1RFD00257184142,100201,3.3750000006875784,0.03,0.030000000006111808,1,1565606039,48.757492,2.085322,1565606007,48.757492,2.085322,1565606039,99.9999999796273,rules_respected,315
266,VF1RFD00257184142,100201,2.9387755102682287,0.03,0.04000000000087312,1,1565606304,48.757236,2.086064,1565606255,48.757252,2.085989,1565606304,74.99999999836291,rules_respected,315
267,VF1RFD00257184142,100200,2.9387755102682287,0.03,0.04000000000087312,1,1565606304,48.757236,2.086064,1565606255,48.757252,2.085989,1565606304,74.99999999836291,rules_respected,315
268,VF1JZ49BJ55440744,100201,27.05882352939931,0.78,12.649999999994181,29,1565627004,43.276459,6.581928,1565625321,43.188412,6.581181,1565627004,6.166007905141178,rules_respected,315
269,VF1RFD00257184142,100200,3.3750000006875784,0.03,0.030000000006111808,1,1565606039,48.757492,2.085322,1565606007,48.757492,2.085322,1565606039,99.9999999796273,rules_respected,315
270,VF1RFD00257184142,100201,17.423076923100428,0.22,1.5100000000020373,6,1565630013,48.830067,1.9613669999999999,1565629701,48.821869,1.9598669999999998,1565630013,14.569536423821402,rules_respected,315
271,VF1RFD00257184142,100200,11.30232558156591,0.05,0.2700000000040745,2,1565633350,48.773804,1.6721560000000002,1565633264,48.775143,1.671914,1565633350,18.51851851823906,rules_respected,315
272,VF1RFD00257184142,100201,22.20437956197879,0.21,1.6899999999950523,5,1565612149,48.763527,2.0887919999999998,1565611875,48.757221,2.086086,1565612149,12.426035502994957,rules_respected,315
273,VF1RFD00257184142,100200,63.33455210236639,2.12,28.869999999995347,28,1565643180,48.822055999999996,1.9596470000000001,1565641539,48.773777,1.6721700000000002,1565643180,7.343262902668314,rules_respected,315
274,VF1RFD00257184142,100200,22.20437956197879,0.21,1.6899999999950523,5,1565612149,48.763527,2.0887919999999998,1565611875,48.757221,2.086086,1565612149,12.426035502994957,rules_respected,315
275,VF1RFD00257184142,100200,61.461217681404655,1.46,20.470000000001164,20,1565627311,48.821869,1.9598669999999998,1565626112,48.763527,2.0887919999999998,1565627311,7.132388861748495,rules_respected,315
276,VF1RFD00257184142,100201,75.77827050996699,1.04,28.47999999999593,23,1565632238,48.775143,1.671914,1565630885,48.830128,1.9614310000000001,1565632238,3.65168539325895,rules_non_respected,26
277,VF1RFD00257184142,100200,17.423076923100428,0.22,1.5100000000020373,6,1565630013,48.830067,1.9613669999999999,1565629701,48.821869,1.9598669999999998,1565630013,14.569536423821402,rules_respected,315
278,VF1RFD00257184142,100201,27.804878048801786,0.2,1.9000000000014552,5,1565677233,48.763519,2.0886970000000002,1565676987,48.757534,2.081897,1565677233,10.526315789465622,rules_respected,315
279,VF1RFD00257184142,100200,75.77827050996699,1.04,28.47999999999593,23,1565632238,48.775143,1.671914,1565630885,48.830128,1.9614310000000001,1565632238,3.65168539325895,rules_non_respected,26
280,VF1RFD00257184142,100200,58.854330708663475,1.32,16.610000000000582,17,1565676848,48.757534,2.081897,1565675832,48.822055999999996,1.9596470000000001,1565676848,7.947019867549392,rules_non_respected,26
281,VF1RFD00257184142,100201,11.30232558156591,0.05,0.2700000000040745,2,1565633350,48.773804,1.6721560000000002,1565633264,48.775143,1.671914,1565633350,18.51851851823906,rules_respected,315
282,VF1RFD00257184142,100201,61.461217681404655,1.46,20.470000000001164,20,1565627311,48.821869,1.9598669999999998,1565626112,48.763527,2.0887919999999998,1565627311,7.132388861748495,rules_respected,315
283,VF1RFD00257184142,100201,63.33455210236639,2.12,28.869999999995347,28,1565643180,48.822055999999996,1.9596470000000001,1565641539,48.773777,1.6721700000000002,1565643180,7.343262902668314,rules_respected,315
284,VF1RFD00257184142,100201,58.854330708663475,1.32,16.610000000000582,17,1565676848,48.757534,2.081897,1565675832,48.822055999999996,1.9596470000000001,1565676848,7.947019867549392,rules_non_respected,26
285,VF1RFD00257184142,100200,27.804878048801786,0.2,1.9000000000014552,5,1565677233,48.763519,2.0886970000000002,1565676987,48.757534,2.081897,1565677233,10.526315789465622,rules_respected,315
286,VF1JZ49BJ55440744,100201,30.60759493671844,0.9,12.090000000003785,24,1565705212,43.188572,6.582844000000001,1565703790,43.276554,6.581742,1565705212,7.4441687344889855,rules_respected,315
287,VF1JZ49BJ55440744,100201,20.98367144977526,0.75,11.779999999998836,34,1565714281,43.27647,6.581969,1565712260,43.188572,6.582844000000001,1565714281,6.366723259762938,rules_respected,315
288,VF1JZ49BJ55440744,100201,0.0,0.0,0.0,1,1565714392,43.27647,6.581969,1565714384,43.27647,6.581969,1565714392,0.0,rules_respected,315
289,VF1JZ49BJ55440744,100201,23.175572519073306,0.23,2.529999999998836,7,1565875466,43.276482,6.581955000000001,1565875073,43.262058,6.578811,1565875466,9.090909090913275,rules_respected,315
290,VF1RFD00257184142,100200,83.89178927384658,6.69,98.19999999999708,71,1565877547,48.390167,2.3757080000000004,1565873333,48.949459000000004,2.535539,1565877547,6.812627291242563,rules_respected,315
291,VF1RFD00257184142,100201,83.89178927384658,6.69,98.19999999999708,71,1565877547,48.390167,2.3757080000000004,1565873333,48.949459000000004,2.535539,1565877547,6.812627291242563,rules_respected,315
292,VF1JZ49BJ55440744,100201,24.029126213592228,0.28,2.75,7,1565871530,43.262058,6.578811,1565871118,43.276474,6.58195,1565871530,10.181818181818183,rules_respected,315
293,VF1JZ49BJ55440744,100201,33.084905660363354,0.61,11.689999999995052,22,1565890339,43.276474,6.581936,1565889067,43.188286,6.581342,1565890339,5.218135158257128,rules_respected,315
294,VF1JZ49BJ55440744,100201,30.508909479684892,0.85,11.889999999999418,24,1565881855,43.18758,6.581567,1565880452,43.276482,6.581955000000001,1565881855,7.148864592094548,rules_respected,315
295,VF1RFD00257184142,100200,80.95285607383519,6.26,90.15000000000146,67,1565896401,48.821831,1.9598669999999998,1565892392,48.390167,2.3757080000000004,1565896401,6.9439822518024386,rules_respected,315
296,VF1RFD00257184142,100201,80.95285607383519,6.26,90.15000000000146,67,1565896401,48.821831,1.9598669999999998,1565892392,48.390167,2.3757080000000004,1565896401,6.9439822518024386,rules_respected,315
297,VF1RFD00257184142,100200,25.246753246726037,0.33,2.6999999999970896,7,1565946384,48.829914,1.980706,1565945999,48.821899,1.9598779999999998,1565946384,12.222222222235398,rules_respected,315
298,VF1RFD00257184142,100201,25.246753246726037,0.33,2.6999999999970896,7,1565946384,48.829914,1.980706,1565945999,48.821899,1.9598779999999998,1565946384,12.222222222235398,rules_respected,315
299,VF1RFD00257184142,100201,18.53114754098017,0.2,1.5699999999997092,6,1565947645,48.829281,1.973453,1565947340,48.829914,1.980706,1565947645,12.738853503187075,rules_respected,315
300,VF1RFD00257184142,100200,18.53114754098017,0.2,1.5699999999997092,6,1565947645,48.829281,1.973453,1565947340,48.829914,1.980706,1565947645,12.738853503187075,rules_respected,315
301,VF1RFD00257184142,100200,25.59819413093733,0.32,3.1500000000014547,8,1566205766,48.830154,1.961472,1566205323,48.818119,1.9462580000000003,1566205766,10.158730158725467,rules_respected,315
302,VF1JZ49BJ55440744,100201,29.367808661932408,0.61,12.62000000000262,26,1566234857,43.276466,6.58195,1566233310,43.188396000000004,6.58155,1566234857,4.8335974643413095,rules_respected,315
303,VF1RFD00257184142,100201,25.59819413093733,0.32,3.1500000000014547,8,1566205766,48.830154,1.961472,1566205323,48.818119,1.9462580000000003,1566205766,10.158730158725467,rules_respected,315
304,VF1RFD00257184142,100200,7.375609756066894,0.1,0.41999999999825377,4,1566209171,48.830189000000004,1.9615310000000001,1566208966,48.830189000000004,1.9615310000000001,1566209171,23.809523809622803,rules_respected,315
305,VF1RFD00257184142,100201,7.375609756066894,0.1,0.41999999999825377,4,1566209171,48.830189000000004,1.9615310000000001,1566208966,48.830189000000004,1.9615310000000001,1566209171,23.809523809622803,rules_respected,315
306,VF1RFD00257184142,100201,17.27102803739297,0.25,1.5400000000008731,6,1566291891,48.830196,1.9614639999999999,1566291570,48.830189000000004,1.9615310000000001,1566291891,16.233766233757027,rules_respected,315
307,VF1RFD00257184142,100200,20.54450261787236,0.14,1.0900000000037835,4,1566210034,48.830189000000004,1.9615310000000001,1566209843,48.830189000000004,1.9615310000000001,1566210034,12.844036697203126,rules_respected,315
308,VF1RFD00257184142,100201,20.54450261787236,0.14,1.0900000000037835,4,1566210034,48.830189000000004,1.9615310000000001,1566209843,48.830189000000004,1.9615310000000001,1566210034,12.844036697203126,rules_respected,315
309,VF1RFD00257184142,100200,17.27102803739297,0.25,1.5400000000008731,6,1566291891,48.830196,1.9614639999999999,1566291570,48.830189000000004,1.9615310000000001,1566291891,16.233766233757027,rules_respected,315
310,VF1RFD00257184142,100200,18.549618320590685,0.19,1.3499999999985448,5,1566295723,48.821918,1.9596810000000002,1566295461,48.8302,1.961525,1566295723,14.074074074089243,rules_respected,315
311,VF1RFD00257184142,100201,18.549618320590685,0.19,1.3499999999985448,5,1566295723,48.821918,1.9596810000000002,1566295461,48.8302,1.961525,1566295723,14.074074074089243,rules_respected,315
312,VF1RFD00257184142,100201,31.92988606486366,0.87,10.12000000000262,20,1566373747,48.757618,2.081897,1566372606,48.804832,2.145422,1566373747,8.596837944661807,rules_respected,315
313,VF1RFD00257184142,100200,57.24688279300962,1.5,19.12999999999738,21,1566370830,48.804790000000004,2.145334,1566369627,48.821938,1.95975,1566370830,7.8410872974396515,rules_non_respected,26
314,VF1RFD00257184142,100200,31.92988606486366,0.87,10.12000000000262,20,1566373747,48.757618,2.081897,1566372606,48.804832,2.145422,1566373747,8.596837944661807,rules_respected,315
315,VF1RFD00257184142,100201,57.24688279300962,1.5,19.12999999999738,21,1566370830,48.804790000000004,2.145334,1566369627,48.821938,1.95975,1566370830,7.8410872974396515,rules_non_respected,26
316,VF1RFD00257184142,100200,84.95796538325847,9.62,133.62000000000262,95,1566379536,47.984314000000005,3.1784,1566373874,48.757618,2.081897,1566379536,7.199521029785818,rules_non_respected,26
317,VF1RFD00257184142,100201,84.95796538325847,9.62,133.62000000000262,95,1566379536,47.984314000000005,3.1784,1566373874,48.757618,2.081897,1566379536,7.199521029785818,rules_respected,315
318,VF1RFD00257184142,100201,58.319999999986436,1.01,13.7699999999968,15,1566383854,47.885342,3.0954330000000003,1566383004,47.984314000000005,3.1784,1566383854,7.33478576616002,rules_respected,315
319,VF1RFD00257184142,100200,58.319999999986436,1.01,13.7699999999968,15,1566383854,47.885342,3.0954330000000003,1566383004,47.984314000000005,3.1784,1566383854,7.33478576616002,rules_non_respected,26
320,VF1RFD00257184142,100201,53.26078028748724,1.14,14.410000000003492,17,1566391794,47.984348,3.178439,1566390820,47.885342,3.0954330000000003,1566391794,7.911172796667062,rules_non_respected,26
321,VF1RFD00257184142,100200,53.26078028748724,1.14,14.410000000003492,17,1566391794,47.984348,3.178439,1566390820,47.885342,3.0954330000000003,1566391794,7.911172796667062,rules_non_respected,26
322,VF1RFD00257184142,100201,87.75203619909534,11.32,161.61000000000058,111,1566407038,48.821892,1.95927,1566400408,47.984333,3.17842,1566407038,7.0045170472124,rules_respected,315
323,VF1JZ49BJ55440744,100201,31.97014925373525,0.73,11.900000000001455,23,1566400994,43.188297,6.581536,1566399654,43.276482,6.581914,1566400994,6.134453781511854,rules_respected,315
324,VF1JZ49BJ55440744,100201,0.0,0.0,0.0,1,1566401036,43.188297,6.581536,1566401027,43.188297,6.581536,1566401036,0.0,rules_respected,315
325,VF1RFD00257184142,100200,87.75203619909534,11.32,161.61000000000058,111,1566407038,48.821892,1.95927,1566400408,47.984333,3.17842,1566407038,7.0045170472124,rules_respected,315
326,VF1JZ49BJ55440744,100201,28.755798090038788,0.65,11.709999999999127,25,1566408671,43.276474,6.5819220000000005,1566407205,43.188309000000004,6.581611,1566408671,5.550811272417152,rules_respected,315
327,VF1RFD00257184142,100200,5.8604651162547015,0.04,0.13999999999941792,2,1566408548,48.820941999999995,1.959639,1566408462,48.821892,1.95927,1566408548,28.57142857154736,rules_respected,315
328,VF1RFD00257184142,100201,5.8604651162547015,0.04,0.13999999999941792,2,1566408548,48.820941999999995,1.959639,1566408462,48.821892,1.95927,1566408548,28.57142857154736,rules_respected,315
329,VF1JZ49BJ55440744,100201,85.41103017689635,10.15,136.79999999999563,97,1566460978,43.589897,5.192133,1566455212,43.276493,6.581911,1566460978,7.4195906432750895,rules_respected,315
330,VF1RFD00257184142,100200,34.004962779172786,1.07,11.42000000000553,21,1566457214,48.78503,2.045267,1566456005,48.821903000000006,1.9593080000000003,1566457214,9.369527145354482,rules_respected,315
331,VF1RFD00257184142,100200,7.199999999720602,0.05,0.14999999999417926,2,1566455930,48.821940999999995,1.9594189999999998,1566455855,48.820941999999995,1.959639,1566455930,33.33333333462684,rules_respected,315
332,VF1RFD00257184142,100200,19.914893617037997,0.1,1.0400000000008731,4,1566463650,48.82177,1.959844,1566463462,48.825256,1.9679389999999999,1566463650,9.615384615376543,rules_respected,315
333,VF1RFD00257184142,100201,46.226847034326155,0.88,12.339999999996508,17,1566462882,48.825309999999995,1.9679919999999997,1566461921,48.78503,2.045267,1566462882,7.131280388980947,rules_respected,315
334,VF1RFD00257184142,100201,7.199999999720602,0.05,0.14999999999417926,2,1566455930,48.821940999999995,1.9594189999999998,1566455855,48.820941999999995,1.959639,1566455930,33.33333333462684,rules_respected,315
335,VF1RFD00257184142,100200,46.226847034326155,0.88,12.339999999996508,17,1566462882,48.825309999999995,1.9679919999999997,1566461921,48.78503,2.045267,1566462882,7.131280388980947,rules_respected,315
336,VF1RFD00257184142,100201,34.004962779172786,1.07,11.42000000000553,21,1566457214,48.78503,2.045267,1566456005,48.821903000000006,1.9593080000000003,1566457214,9.369527145354482,rules_respected,315
337,VF1RFD00257184142,100201,19.914893617037997,0.1,1.0400000000008731,4,1566463650,48.82177,1.959844,1566463462,48.825256,1.9679389999999999,1566463650,9.615384615376543,rules_respected,315
338,VF1JZ49BJ55440744,100201,103.87266634753722,9.56,120.55000000000292,70,1566466761,44.514041999999996,4.781716,1566462583,43.590019,5.19225,1566466761,7.93031936955601,rules_respected,315
339,VF1JZ49BJ55440744,100201,100.53563714903036,6.64,90.51000000000204,55,1566472426,45.275486,4.829333,1566469185,44.514038,4.781708,1566472426,7.33620594409441,rules_non_respected,26
340,VF1JZ49BJ55440744,100201,6.338028169014086,0.03,0.25,3,1566472724,45.276127,4.8283,1566472582,45.275387,4.829314,1566472724,12.0,rules_respected,315
